{
    "links_utilization": {
        "h1s1": 100,
        "h2s2": 100,
        "h3s3": 100,
        "h4s3": 100,
        "s1s2": 0.39576000000000006,
        "s2s3": 100,
        "s3s1": 100
    },
    "paths_info": {
        "h1h3": {
            "avg_delay": 0.060225,
            "pkt_drop_perc": 23.04
        },
        "h1h4": {
            "avg_delay": 0.060223,
            "pkt_drop_perc": 20.9
        },
        "h2h3": {
            "avg_delay": 0.060224,
            "pkt_drop_perc": 21.73
        },
        "h2h4": {
            "avg_delay": 0.060222,
            "pkt_drop_perc": 22.41
        },
        "h_h3": {
            "avg_delay": 0.060225,
            "pkt_drop_perc": 22.38
        },
        "h_h4": {
            "avg_delay": 0.060223,
            "pkt_drop_perc": 21.65
        }
    }
}