{
    "links_utilization": {
        "h1s1": 100,
        "h2s2": 100,
        "h3s3": 100,
        "h4s3": 100,
        "s1s2": 0.39576000000000006,
        "s2s3": 100,
        "s3s1": 100
    },
    "paths_info": {
        "h1h3": {
            "avg_delay": 0.060229,
            "pkt_drop_perc": 0.25
        },
        "h1h4": {
            "avg_delay": 0.060231,
            "pkt_drop_perc": 0.3
        },
        "h2h3": {
            "avg_delay": 0.060232,
            "pkt_drop_perc": 0.33
        },
        "h2h4": {
            "avg_delay": 0.060231,
            "pkt_drop_perc": 0.3
        },
        "h_h3": {
            "avg_delay": 0.060231,
            "pkt_drop_perc": 0.29
        },
        "h_h4": {
            "avg_delay": 0.060231,
            "pkt_drop_perc": 0.3
        }
    }
}