{
    "links_utilization": {
        "h1s1": 100,
        "h2s2": 100,
        "h3s3": 100,
        "h4s3": 100,
        "s1s2": 0.39408000000000004,
        "s2s3": 100,
        "s3s1": 100
    },
    "paths_info": {
        "h1h3": {
            "avg_delay": 0.060124,
            "pkt_drop_perc": 29.94
        },
        "h1h4": {
            "avg_delay": 0.060125,
            "pkt_drop_perc": 29.22
        },
        "h2h3": {
            "avg_delay": 0.060123,
            "pkt_drop_perc": 29.18
        },
        "h2h4": {
            "avg_delay": 0.060121,
            "pkt_drop_perc": 30.66
        },
        "h_h3": {
            "avg_delay": 0.060124,
            "pkt_drop_perc": 29.56
        },
        "h_h4": {
            "avg_delay": 0.060123,
            "pkt_drop_perc": 29.94
        }
    }
}