{
    "links_utilization": {
        "h1s1": 42.35156,
        "h2s2": 42.50908,
        "h3s3": 42.42044,
        "h4s3": 42.35396,
        "s1s2": 0.35736,
        "s2s3": 42.586,
        "s3s1": 42.49496
    },
    "paths_info": {
        "h1h3": {
            "avg_delay": 0.060485,
            "pkt_drop_perc": 0.0
        },
        "h1h4": {
            "avg_delay": 0.060477,
            "pkt_drop_perc": 2.96
        },
        "h2h3": {
            "avg_delay": 0.060477,
            "pkt_drop_perc": 0.0
        },
        "h2h4": {
            "avg_delay": 0.060484,
            "pkt_drop_perc": 0.75
        },
        "h_h3": {
            "avg_delay": 0.060481,
            "pkt_drop_perc": 0.0
        },
        "h_h4": {
            "avg_delay": 0.060481,
            "pkt_drop_perc": 1.86
        }
    }
}