{
    "links_utilization": {
        "h1s1": 100,
        "h2s2": 100,
        "h3s3": 100,
        "h4s3": 100,
        "s1s2": 0.4092,
        "s2s3": 100,
        "s3s1": 100
    },
    "paths_info": {
        "h1h3": {
            "avg_delay": 0.06017,
            "pkt_drop_perc": 0.03
        },
        "h1h4": {
            "avg_delay": 0.060172,
            "pkt_drop_perc": 0.03
        },
        "h2h3": {
            "avg_delay": 0.060177,
            "pkt_drop_perc": 0.03
        },
        "h2h4": {
            "avg_delay": 0.060173,
            "pkt_drop_perc": 0.08
        },
        "h_h3": {
            "avg_delay": 0.060173,
            "pkt_drop_perc": 0.03
        },
        "h_h4": {
            "avg_delay": 0.060173,
            "pkt_drop_perc": 0.05
        }
    }
}