{
    "links_utilization": {
        "h1s1": 51.149080000000005,
        "h2s2": 51.06284,
        "h3s3": 50.863400000000006,
        "h4s3": 51.15148000000001,
        "s1s2": 0.35736,
        "s2s3": 51.117599999999996,
        "s3s1": 51.224959999999996
    },
    "paths_info": {
        "h1h3": {
            "avg_delay": 0.060526,
            "pkt_drop_perc": 0.52
        },
        "h1h4": {
            "avg_delay": 0.060534,
            "pkt_drop_perc": 0.0
        },
        "h2h3": {
            "avg_delay": 0.060541,
            "pkt_drop_perc": 1.33
        },
        "h2h4": {
            "avg_delay": 0.060536,
            "pkt_drop_perc": 0.0
        },
        "h_h3": {
            "avg_delay": 0.060533,
            "pkt_drop_perc": 0.92
        },
        "h_h4": {
            "avg_delay": 0.060535,
            "pkt_drop_perc": 0.0
        }
    }
}