{
    "links_utilization": {
        "h1s1": 100,
        "h2s2": 100,
        "h3s3": 100,
        "h4s3": 100,
        "s1s2": 0.39576000000000006,
        "s2s3": 100,
        "s3s1": 100
    },
    "paths_info": {
        "h1h3": {
            "avg_delay": 0.060235,
            "pkt_drop_perc": 43.91
        },
        "h1h4": {
            "avg_delay": 0.060233,
            "pkt_drop_perc": 44.55
        },
        "h2h3": {
            "avg_delay": 0.060232,
            "pkt_drop_perc": 42.91
        },
        "h2h4": {
            "avg_delay": 0.060231,
            "pkt_drop_perc": 44.06
        },
        "h_h3": {
            "avg_delay": 0.060234,
            "pkt_drop_perc": 43.41
        },
        "h_h4": {
            "avg_delay": 0.060232,
            "pkt_drop_perc": 44.3
        }
    }
}