{
    "links_utilization": {
        "h1s1": 100,
        "h2s2": 100,
        "h3s3": 98.66252,
        "h4s3": 96.86756,
        "s1s2": 100,
        "s2s3": 100
    },
    "paths_info": {
        "h1h3": {
            "avg_delay": 0.080468,
            "pkt_drop_perc": 15.49
        },
        "h1h4": {
            "avg_delay": 0.080474,
            "pkt_drop_perc": 17.38
        },
        "h2h3": {
            "avg_delay": 0.060375,
            "pkt_drop_perc": 15.99
        },
        "h2h4": {
            "avg_delay": 0.060375,
            "pkt_drop_perc": 16.63
        },
        "h_h3": {
            "avg_delay": 0.07044,
            "pkt_drop_perc": 15.74
        },
        "h_h4": {
            "avg_delay": 0.070354,
            "pkt_drop_perc": 17.0
        }
    }
}