{
    "links_utilization": {
        "h1s1": 100,
        "h2s2": 100,
        "h3s3": 100,
        "h4s3": 100,
        "s1s2": 0.39744,
        "s2s3": 100,
        "s3s1": 100
    },
    "paths_info": {
        "h1h3": {
            "avg_delay": 0.060226,
            "pkt_drop_perc": 36.35
        },
        "h1h4": {
            "avg_delay": 0.060229,
            "pkt_drop_perc": 33.64
        },
        "h2h3": {
            "avg_delay": 0.060233,
            "pkt_drop_perc": 35.65
        },
        "h2h4": {
            "avg_delay": 0.060229,
            "pkt_drop_perc": 35.7
        },
        "h_h3": {
            "avg_delay": 0.060229,
            "pkt_drop_perc": 36.0
        },
        "h_h4": {
            "avg_delay": 0.060229,
            "pkt_drop_perc": 34.67
        }
    }
}