{
    "links_utilization": {
        "h1s1": 16.42436,
        "h2s2": 16.737,
        "h3s3": 16.20516,
        "h4s3": 16.89212,
        "s1s2": 0.35392,
        "s2s3": 16.83608,
        "s3s1": 16.52584
    },
    "paths_info": {
        "h1h3": {
            "avg_delay": 0.060558,
            "pkt_drop_perc": 1.15
        },
        "h1h4": {
            "avg_delay": 0.060572,
            "pkt_drop_perc": 0.0
        },
        "h2h3": {
            "avg_delay": 0.060544,
            "pkt_drop_perc": 0.0
        },
        "h2h4": {
            "avg_delay": 0.060574,
            "pkt_drop_perc": 0.0
        },
        "h_h3": {
            "avg_delay": 0.060551,
            "pkt_drop_perc": 0.57
        },
        "h_h4": {
            "avg_delay": 0.060573,
            "pkt_drop_perc": 0.0
        }
    }
}