{
    "links_utilization": {
        "h1s1": 100,
        "h2s2": 100,
        "h3s3": 98.35228000000001,
        "h4s3": 100,
        "s1s2": 100,
        "s2s3": 100
    },
    "paths_info": {
        "h1h3": {
            "avg_delay": 0.080463,
            "pkt_drop_perc": 26.35
        },
        "h1h4": {
            "avg_delay": 0.080475,
            "pkt_drop_perc": 24.74
        },
        "h2h3": {
            "avg_delay": 0.060388,
            "pkt_drop_perc": 25.72
        },
        "h2h4": {
            "avg_delay": 0.060391,
            "pkt_drop_perc": 24.51
        },
        "h_h3": {
            "avg_delay": 0.070347,
            "pkt_drop_perc": 26.03
        },
        "h_h4": {
            "avg_delay": 0.070397,
            "pkt_drop_perc": 24.62
        }
    }
}