{
    "links_utilization": {
        "h1s1": 100,
        "h2s2": 100,
        "h3s3": 100,
        "h4s3": 100,
        "s1s2": 0.39744,
        "s2s3": 100,
        "s3s1": 100
    },
    "paths_info": {
        "h1h3": {
            "avg_delay": 0.060215,
            "pkt_drop_perc": 36.2
        },
        "h1h4": {
            "avg_delay": 0.06021,
            "pkt_drop_perc": 37.29
        },
        "h2h3": {
            "avg_delay": 0.060212,
            "pkt_drop_perc": 37.09
        },
        "h2h4": {
            "avg_delay": 0.060218,
            "pkt_drop_perc": 36.35
        },
        "h_h3": {
            "avg_delay": 0.060214,
            "pkt_drop_perc": 36.64
        },
        "h_h4": {
            "avg_delay": 0.060214,
            "pkt_drop_perc": 36.82
        }
    }
}