{
    "links_utilization": {
        "h1s1": 26.906039999999997,
        "h2s2": 26.99708,
        "h3s3": 26.886280000000003,
        "h4s3": 26.9306,
        "s1s2": 0.35736,
        "s2s3": 27.073999999999998,
        "s3s1": 27.007520000000003
    },
    "paths_info": {
        "h1h3": {
            "avg_delay": 0.060533,
            "pkt_drop_perc": 4.87
        },
        "h1h4": {
            "avg_delay": 0.06055,
            "pkt_drop_perc": 0.0
        },
        "h2h3": {
            "avg_delay": 0.060527,
            "pkt_drop_perc": 2.18
        },
        "h2h4": {
            "avg_delay": 0.06053,
            "pkt_drop_perc": 0.0
        },
        "h_h3": {
            "avg_delay": 0.06053,
            "pkt_drop_perc": 3.52
        },
        "h_h4": {
            "avg_delay": 0.06054,
            "pkt_drop_perc": 0.0
        }
    }
}