{
    "links_utilization": {
        "h1s1": 100,
        "h2s2": 100,
        "h3s3": 100,
        "h4s3": 100,
        "s1s2": 0.39576000000000006,
        "s2s3": 100,
        "s3s1": 100
    },
    "paths_info": {
        "h1h3": {
            "avg_delay": 0.060218,
            "pkt_drop_perc": 16.95
        },
        "h1h4": {
            "avg_delay": 0.060218,
            "pkt_drop_perc": 17.16
        },
        "h2h3": {
            "avg_delay": 0.060216,
            "pkt_drop_perc": 17.68
        },
        "h2h4": {
            "avg_delay": 0.060219,
            "pkt_drop_perc": 16.89
        },
        "h_h3": {
            "avg_delay": 0.060217,
            "pkt_drop_perc": 17.32
        },
        "h_h4": {
            "avg_delay": 0.060219,
            "pkt_drop_perc": 17.02
        }
    }
}