{
    "links_utilization": {
        "h1s1": 100,
        "h2s2": 100,
        "h3s3": 100,
        "h4s3": 100,
        "s1s2": 0.39471999999999996,
        "s2s3": 100,
        "s3s1": 100
    },
    "paths_info": {
        "h1h3": {
            "avg_delay": 0.060236,
            "pkt_drop_perc": 46.41
        },
        "h1h4": {
            "avg_delay": 0.06024,
            "pkt_drop_perc": 44.91
        },
        "h2h3": {
            "avg_delay": 0.060237,
            "pkt_drop_perc": 44.31
        },
        "h2h4": {
            "avg_delay": 0.060236,
            "pkt_drop_perc": 49.21
        },
        "h_h3": {
            "avg_delay": 0.060237,
            "pkt_drop_perc": 45.36
        },
        "h_h4": {
            "avg_delay": 0.060238,
            "pkt_drop_perc": 47.06
        }
    }
}