{
    "links_utilization": {
        "h1s1": 100,
        "h2s2": 100,
        "h3s3": 100,
        "h4s3": 100,
        "s1s2": 0.39744,
        "s2s3": 100,
        "s3s1": 100
    },
    "paths_info": {
        "h1h3": {
            "avg_delay": 0.060214,
            "pkt_drop_perc": 1.82
        },
        "h1h4": {
            "avg_delay": 0.060214,
            "pkt_drop_perc": 1.47
        },
        "h2h3": {
            "avg_delay": 0.060211,
            "pkt_drop_perc": 1.2
        },
        "h2h4": {
            "avg_delay": 0.06021,
            "pkt_drop_perc": 1.37
        },
        "h_h3": {
            "avg_delay": 0.060213,
            "pkt_drop_perc": 1.51
        },
        "h_h4": {
            "avg_delay": 0.060212,
            "pkt_drop_perc": 1.42
        }
    }
}