{
    "links_utilization": {
        "h1s1": 96.9538,
        "h2s2": 97.19995999999999,
        "h3s3": 96.93404,
        "h4s3": 96.97836,
        "s1s2": 0.35736,
        "s2s3": 97.21039999999999,
        "s3s1": 97.07744000000001
    },
    "paths_info": {
        "h1h3": {
            "avg_delay": 0.060347,
            "pkt_drop_perc": 0.23
        },
        "h1h4": {
            "avg_delay": 0.06035,
            "pkt_drop_perc": 0.14
        },
        "h2h3": {
            "avg_delay": 0.06035,
            "pkt_drop_perc": 0.0
        },
        "h2h4": {
            "avg_delay": 0.060345,
            "pkt_drop_perc": 0.55
        },
        "h_h3": {
            "avg_delay": 0.060349,
            "pkt_drop_perc": 0.12
        },
        "h_h4": {
            "avg_delay": 0.060347,
            "pkt_drop_perc": 0.35
        }
    }
}