{
    "links_utilization": {
        "h1s1": 100,
        "h2s2": 100,
        "h3s3": 100,
        "h4s3": 100,
        "s1s2": 0.3924,
        "s2s3": 100,
        "s3s1": 100
    },
    "paths_info": {
        "h1h3": {
            "avg_delay": 0.060236,
            "pkt_drop_perc": 36.73
        },
        "h1h4": {
            "avg_delay": 0.060239,
            "pkt_drop_perc": 35.86
        },
        "h2h3": {
            "avg_delay": 0.060241,
            "pkt_drop_perc": 35.08
        },
        "h2h4": {
            "avg_delay": 0.060239,
            "pkt_drop_perc": 35.79
        },
        "h_h3": {
            "avg_delay": 0.060239,
            "pkt_drop_perc": 35.91
        },
        "h_h4": {
            "avg_delay": 0.060239,
            "pkt_drop_perc": 35.83
        }
    }
}