{
    "links_utilization": {
        "h1s1": 32.09148,
        "h2s2": 32.22684,
        "h3s3": 32.22684,
        "h4s3": 32.00524,
        "s1s2": 0.35736,
        "s2s3": 32.32592,
        "s3s1": 32.215120000000006
    },
    "paths_info": {
        "h1h3": {
            "avg_delay": 0.060509,
            "pkt_drop_perc": 0.29
        },
        "h1h4": {
            "avg_delay": 0.060516,
            "pkt_drop_perc": 0.0
        },
        "h2h3": {
            "avg_delay": 0.060511,
            "pkt_drop_perc": 0.0
        },
        "h2h4": {
            "avg_delay": 0.060523,
            "pkt_drop_perc": 0.0
        },
        "h_h3": {
            "avg_delay": 0.06051,
            "pkt_drop_perc": 0.14
        },
        "h_h4": {
            "avg_delay": 0.060519,
            "pkt_drop_perc": 0.0
        }
    }
}