{
    "links_utilization": {
        "h1s1": 100,
        "h2s2": 100,
        "h3s3": 100,
        "h4s3": 100,
        "s1s2": 0.39576000000000006,
        "s2s3": 100,
        "s3s1": 100
    },
    "paths_info": {
        "h1h3": {
            "avg_delay": 0.060235,
            "pkt_drop_perc": 40.52
        },
        "h1h4": {
            "avg_delay": 0.060232,
            "pkt_drop_perc": 39.09
        },
        "h2h3": {
            "avg_delay": 0.060233,
            "pkt_drop_perc": 38.69
        },
        "h2h4": {
            "avg_delay": 0.060232,
            "pkt_drop_perc": 40.29
        },
        "h_h3": {
            "avg_delay": 0.060234,
            "pkt_drop_perc": 39.61
        },
        "h_h4": {
            "avg_delay": 0.060232,
            "pkt_drop_perc": 39.69
        }
    }
}