{
    "links_utilization": {
        "h1s1": 100,
        "h2s2": 100,
        "h3s3": 100,
        "h4s3": 100,
        "s1s2": 0.3924,
        "s2s3": 100,
        "s3s1": 100
    },
    "paths_info": {
        "h1h3": {
            "avg_delay": 0.060166,
            "pkt_drop_perc": 29.76
        },
        "h1h4": {
            "avg_delay": 0.060168,
            "pkt_drop_perc": 27.83
        },
        "h2h3": {
            "avg_delay": 0.060167,
            "pkt_drop_perc": 28.13
        },
        "h2h4": {
            "avg_delay": 0.060166,
            "pkt_drop_perc": 29.44
        },
        "h_h3": {
            "avg_delay": 0.060166,
            "pkt_drop_perc": 28.94
        },
        "h_h4": {
            "avg_delay": 0.060167,
            "pkt_drop_perc": 28.63
        }
    }
}