{
    "links_utilization": {
        "h1s1": 212.82632,
        "h2s2": 212.07768,
        "h3s3": 212.21063999999998,
        "h4s3": 212.122,
        "s1s2": 0.7915200000000001,
        "s2s3": 212.09264000000002,
        "s3s1": 213.10479999999998
    },
    "paths_info": {
        "h1h3": {
            "avg_delay": 0.06034,
            "pkt_drop_perc": 0.0
        },
        "h1h4": {
            "avg_delay": 0.060334,
            "pkt_drop_perc": 0.17
        },
        "h2h3": {
            "avg_delay": 0.060347,
            "pkt_drop_perc": 0.0
        },
        "h2h4": {
            "avg_delay": 0.060347,
            "pkt_drop_perc": 0.71
        },
        "h_h3": {
            "avg_delay": 0.060343,
            "pkt_drop_perc": 0.0
        },
        "h_h4": {
            "avg_delay": 0.060341,
            "pkt_drop_perc": 0.44
        }
    }
}