{
    "links_utilization": {
        "h1s1": 119.62136000000001,
        "h2s2": 119.62616,
        "h3s3": 119.49320000000002,
        "h4s3": 119.36024,
        "s1s2": 0.7915200000000001,
        "s2s3": 119.77408,
        "s3s1": 119.81360000000001
    },
    "paths_info": {
        "h1h3": {
            "avg_delay": 0.060437,
            "pkt_drop_perc": 0.0
        },
        "h1h4": {
            "avg_delay": 0.060424,
            "pkt_drop_perc": 0.0
        },
        "h2h3": {
            "avg_delay": 0.060437,
            "pkt_drop_perc": 0.0
        },
        "h2h4": {
            "avg_delay": 0.060422,
            "pkt_drop_perc": 0.15
        },
        "h_h3": {
            "avg_delay": 0.060437,
            "pkt_drop_perc": 0.0
        },
        "h_h4": {
            "avg_delay": 0.060423,
            "pkt_drop_perc": 0.08
        }
    }
}