{
    "links_utilization": {
        "h1s1": 153.52615999999998,
        "h2s2": 153.57528,
        "h3s3": 153.398,
        "h4s3": 153.26504,
        "s1s2": 0.7915200000000001,
        "s2s3": 153.67888,
        "s3s1": 153.81184000000002
    },
    "paths_info": {
        "h1h3": {
            "avg_delay": 0.060397,
            "pkt_drop_perc": 0.0
        },
        "h1h4": {
            "avg_delay": 0.060394,
            "pkt_drop_perc": 0.41
        },
        "h2h3": {
            "avg_delay": 0.060401,
            "pkt_drop_perc": 0.0
        },
        "h2h4": {
            "avg_delay": 0.060389,
            "pkt_drop_perc": 0.0
        },
        "h_h3": {
            "avg_delay": 0.060399,
            "pkt_drop_perc": 0.0
        },
        "h_h4": {
            "avg_delay": 0.060391,
            "pkt_drop_perc": 0.21
        }
    }
}