{
    "links_utilization": {
        "h1s1": 76.30068,
        "h2s2": 76.59116,
        "h3s3": 76.43604,
        "h4s3": 76.25876000000001,
        "s1s2": 0.35736,
        "s2s3": 76.62016,
        "s3s1": 76.42432
    },
    "paths_info": {
        "h1h3": {
            "avg_delay": 0.060469,
            "pkt_drop_perc": 0.0
        },
        "h1h4": {
            "avg_delay": 0.060472,
            "pkt_drop_perc": 0.0
        },
        "h2h3": {
            "avg_delay": 0.06047,
            "pkt_drop_perc": 0.0
        },
        "h2h4": {
            "avg_delay": 0.06046,
            "pkt_drop_perc": 0.0
        },
        "h_h3": {
            "avg_delay": 0.060469,
            "pkt_drop_perc": 0.0
        },
        "h_h4": {
            "avg_delay": 0.060466,
            "pkt_drop_perc": 0.0
        }
    }
}