{
    "links_utilization": {
        "h1s1": 100,
        "h2s2": 100,
        "h3s3": 100,
        "h4s3": 100,
        "s1s2": 0.39576000000000006,
        "s2s3": 100,
        "s3s1": 100
    },
    "paths_info": {
        "h1h3": {
            "avg_delay": 0.060221,
            "pkt_drop_perc": 34.29
        },
        "h1h4": {
            "avg_delay": 0.060224,
            "pkt_drop_perc": 34.93
        },
        "h2h3": {
            "avg_delay": 0.060227,
            "pkt_drop_perc": 35.07
        },
        "h2h4": {
            "avg_delay": 0.060225,
            "pkt_drop_perc": 35.02
        },
        "h_h3": {
            "avg_delay": 0.060224,
            "pkt_drop_perc": 34.68
        },
        "h_h4": {
            "avg_delay": 0.060225,
            "pkt_drop_perc": 34.98
        }
    }
}