{
    "links_utilization": {
        "h1s1": 52.78892,
        "h2s2": 52.70268,
        "h3s3": 52.680519999999994,
        "h4s3": 52.6362,
        "s1s2": 0.35736,
        "s2s3": 52.7796,
        "s3s1": 52.86584
    },
    "paths_info": {
        "h1h3": {
            "avg_delay": 0.06053,
            "pkt_drop_perc": 0.0
        },
        "h1h4": {
            "avg_delay": 0.060523,
            "pkt_drop_perc": 0.78
        },
        "h2h3": {
            "avg_delay": 0.060523,
            "pkt_drop_perc": 0.09
        },
        "h2h4": {
            "avg_delay": 0.060533,
            "pkt_drop_perc": 0.09
        },
        "h_h3": {
            "avg_delay": 0.060527,
            "pkt_drop_perc": 0.04
        },
        "h_h4": {
            "avg_delay": 0.060528,
            "pkt_drop_perc": 0.43
        }
    }
}