{
    "links_utilization": {
        "h1s1": 33.41896,
        "h2s2": 33.15784,
        "h3s3": 33.55672,
        "h4s3": 32.93624,
        "s1s2": 0.7915200000000001,
        "s2s3": 33.394400000000005,
        "s3s1": 33.704640000000005
    },
    "paths_info": {
        "h1h3": {
            "avg_delay": 0.060552,
            "pkt_drop_perc": 0.28
        },
        "h1h4": {
            "avg_delay": 0.060574,
            "pkt_drop_perc": 0.0
        },
        "h2h3": {
            "avg_delay": 0.060597,
            "pkt_drop_perc": 0.0
        },
        "h2h4": {
            "avg_delay": 0.06057,
            "pkt_drop_perc": 0.0
        },
        "h_h3": {
            "avg_delay": 0.060575,
            "pkt_drop_perc": 0.14
        },
        "h_h4": {
            "avg_delay": 0.060572,
            "pkt_drop_perc": 0.0
        }
    }
}