{
    "links_utilization": {
        "h1s1": 237.8228,
        "h2s2": 237.78328000000002,
        "h3s3": 237.69464,
        "h4s3": 237.29576,
        "s1s2": 0.7915200000000001,
        "s2s3": 237.79104,
        "s3s1": 238.10368
    },
    "paths_info": {
        "h1h3": {
            "avg_delay": 0.060366,
            "pkt_drop_perc": 0.0
        },
        "h1h4": {
            "avg_delay": 0.060377,
            "pkt_drop_perc": 0.0
        },
        "h2h3": {
            "avg_delay": 0.060366,
            "pkt_drop_perc": 0.0
        },
        "h2h4": {
            "avg_delay": 0.060371,
            "pkt_drop_perc": 0.0
        },
        "h_h3": {
            "avg_delay": 0.060366,
            "pkt_drop_perc": 0.0
        },
        "h_h4": {
            "avg_delay": 0.060374,
            "pkt_drop_perc": 0.0
        }
    }
}