{
    "links_utilization": {
        "h1s1": 187.78552,
        "h2s2": 187.25848,
        "h3s3": 187.39144000000002,
        "h4s3": 187.21416,
        "s1s2": 0.7915200000000001,
        "s2s3": 187.36208000000002,
        "s3s1": 188.0664
    },
    "paths_info": {
        "h1h3": {
            "avg_delay": 0.060354,
            "pkt_drop_perc": 0.0
        },
        "h1h4": {
            "avg_delay": 0.060361,
            "pkt_drop_perc": 0.0
        },
        "h2h3": {
            "avg_delay": 0.060354,
            "pkt_drop_perc": 0.0
        },
        "h2h4": {
            "avg_delay": 0.060353,
            "pkt_drop_perc": 0.0
        },
        "h_h3": {
            "avg_delay": 0.060354,
            "pkt_drop_perc": 0.0
        },
        "h_h4": {
            "avg_delay": 0.060357,
            "pkt_drop_perc": 0.0
        }
    }
}