{
    "links_utilization": {
        "h1s1": 100,
        "h2s2": 100,
        "h3s3": 100,
        "h4s3": 100,
        "s1s2": 0.39744,
        "s2s3": 100,
        "s3s1": 100
    },
    "paths_info": {
        "h1h3": {
            "avg_delay": 0.060224,
            "pkt_drop_perc": 32.76
        },
        "h1h4": {
            "avg_delay": 0.060221,
            "pkt_drop_perc": 34.07
        },
        "h2h3": {
            "avg_delay": 0.060224,
            "pkt_drop_perc": 35.96
        },
        "h2h4": {
            "avg_delay": 0.060221,
            "pkt_drop_perc": 34.65
        },
        "h_h3": {
            "avg_delay": 0.060224,
            "pkt_drop_perc": 34.36
        },
        "h_h4": {
            "avg_delay": 0.060221,
            "pkt_drop_perc": 34.36
        }
    }
}