{
    "links_utilization": {
        "h1s1": 100,
        "h2s2": 100,
        "h3s3": 100,
        "h4s3": 100,
        "s1s2": 0.39744,
        "s2s3": 100,
        "s3s1": 100
    },
    "paths_info": {
        "h1h3": {
            "avg_delay": 0.060244,
            "pkt_drop_perc": 43.3
        },
        "h1h4": {
            "avg_delay": 0.060243,
            "pkt_drop_perc": 41.93
        },
        "h2h3": {
            "avg_delay": 0.060245,
            "pkt_drop_perc": 41.7
        },
        "h2h4": {
            "avg_delay": 0.060245,
            "pkt_drop_perc": 43.36
        },
        "h_h3": {
            "avg_delay": 0.060244,
            "pkt_drop_perc": 42.5
        },
        "h_h4": {
            "avg_delay": 0.060244,
            "pkt_drop_perc": 42.64
        }
    }
}