{
    "links_utilization": {
        "h1s1": 100,
        "h2s2": 100,
        "h3s3": 100,
        "h4s3": 100,
        "s1s2": 0.39408000000000004,
        "s2s3": 100,
        "s3s1": 100
    },
    "paths_info": {
        "h1h3": {
            "avg_delay": 0.060252,
            "pkt_drop_perc": 36.54
        },
        "h1h4": {
            "avg_delay": 0.060248,
            "pkt_drop_perc": 33.91
        },
        "h2h3": {
            "avg_delay": 0.060253,
            "pkt_drop_perc": 34.57
        },
        "h2h4": {
            "avg_delay": 0.060248,
            "pkt_drop_perc": 36.2
        },
        "h_h3": {
            "avg_delay": 0.060252,
            "pkt_drop_perc": 35.56
        },
        "h_h4": {
            "avg_delay": 0.060248,
            "pkt_drop_perc": 35.06
        }
    }
}