{
    "links_utilization": {
        "h1s1": 100,
        "h2s2": 100,
        "h3s3": 100,
        "h4s3": 100,
        "s1s2": 0.39576000000000006,
        "s2s3": 100,
        "s3s1": 100
    },
    "paths_info": {
        "h1h3": {
            "avg_delay": 0.060202,
            "pkt_drop_perc": 19.15
        },
        "h1h4": {
            "avg_delay": 0.060204,
            "pkt_drop_perc": 20.81
        },
        "h2h3": {
            "avg_delay": 0.060203,
            "pkt_drop_perc": 21.66
        },
        "h2h4": {
            "avg_delay": 0.060201,
            "pkt_drop_perc": 19.43
        },
        "h_h3": {
            "avg_delay": 0.060203,
            "pkt_drop_perc": 20.41
        },
        "h_h4": {
            "avg_delay": 0.060203,
            "pkt_drop_perc": 20.12
        }
    }
}