{
    "links_utilization": {
        "h1s1": 78.29508,
        "h2s2": 78.36396,
        "h3s3": 78.231,
        "h4s3": 78.25316,
        "s1s2": 0.35736,
        "s2s3": 78.41528,
        "s3s1": 78.41872
    },
    "paths_info": {
        "h1h3": {
            "avg_delay": 0.060439,
            "pkt_drop_perc": 0.17
        },
        "h1h4": {
            "avg_delay": 0.060436,
            "pkt_drop_perc": 0.0
        },
        "h2h3": {
            "avg_delay": 0.06043,
            "pkt_drop_perc": 0.0
        },
        "h2h4": {
            "avg_delay": 0.060435,
            "pkt_drop_perc": 0.0
        },
        "h_h3": {
            "avg_delay": 0.060434,
            "pkt_drop_perc": 0.09
        },
        "h_h4": {
            "avg_delay": 0.060435,
            "pkt_drop_perc": 0.0
        }
    }
}