{
    "links_utilization": {
        "h1s1": 100,
        "h2s2": 100,
        "h3s3": 100,
        "h4s3": 100,
        "s1s2": 0.39576000000000006,
        "s2s3": 100,
        "s3s1": 100
    },
    "paths_info": {
        "h1h3": {
            "avg_delay": 0.060213,
            "pkt_drop_perc": 0.73
        },
        "h1h4": {
            "avg_delay": 0.060211,
            "pkt_drop_perc": 0.75
        },
        "h2h3": {
            "avg_delay": 0.060212,
            "pkt_drop_perc": 0.55
        },
        "h2h4": {
            "avg_delay": 0.060211,
            "pkt_drop_perc": 0.48
        },
        "h_h3": {
            "avg_delay": 0.060213,
            "pkt_drop_perc": 0.64
        },
        "h_h4": {
            "avg_delay": 0.060211,
            "pkt_drop_perc": 0.61
        }
    }
}