{
    "links_utilization": {
        "h1s1": 100,
        "h2s2": 100,
        "h3s3": 100,
        "h4s3": 100,
        "s1s2": 0.35736,
        "s2s3": 100,
        "s3s1": 100
    },
    "paths_info": {
        "h1h3": {
            "avg_delay": 0.060379,
            "pkt_drop_perc": 0.17
        },
        "h1h4": {
            "avg_delay": 0.060389,
            "pkt_drop_perc": 0.13
        },
        "h2h3": {
            "avg_delay": 0.060387,
            "pkt_drop_perc": 1.01
        },
        "h2h4": {
            "avg_delay": 0.060381,
            "pkt_drop_perc": 0.04
        },
        "h_h3": {
            "avg_delay": 0.060383,
            "pkt_drop_perc": 0.59
        },
        "h_h4": {
            "avg_delay": 0.060385,
            "pkt_drop_perc": 0.09
        }
    }
}