{
    "links_utilization": {
        "h1s1": 76.54232,
        "h2s2": 77.12328000000001,
        "h3s3": 77.07176,
        "h4s3": 76.36984,
        "s1s2": 0.7915200000000001,
        "s2s3": 77.31552,
        "s3s1": 76.78368
    },
    "paths_info": {
        "h1h3": {
            "avg_delay": 0.060474,
            "pkt_drop_perc": 0.0
        },
        "h1h4": {
            "avg_delay": 0.06048,
            "pkt_drop_perc": 0.0
        },
        "h2h3": {
            "avg_delay": 0.060485,
            "pkt_drop_perc": 0.0
        },
        "h2h4": {
            "avg_delay": 0.060483,
            "pkt_drop_perc": 0.0
        },
        "h_h3": {
            "avg_delay": 0.060479,
            "pkt_drop_perc": 0.0
        },
        "h_h4": {
            "avg_delay": 0.060481,
            "pkt_drop_perc": 0.0
        }
    }
}