{
    "links_utilization": {
        "h1s1": 100,
        "h2s2": 100,
        "h3s3": 100,
        "h4s3": 99.21652,
        "s1s2": 100,
        "s2s3": 100
    },
    "paths_info": {
        "h1h3": {
            "avg_delay": 0.08047,
            "pkt_drop_perc": 21.47
        },
        "h1h4": {
            "avg_delay": 0.080479,
            "pkt_drop_perc": 22.27
        },
        "h2h3": {
            "avg_delay": 0.060383,
            "pkt_drop_perc": 24.07
        },
        "h2h4": {
            "avg_delay": 0.060388,
            "pkt_drop_perc": 25.05
        },
        "h_h3": {
            "avg_delay": 0.070569,
            "pkt_drop_perc": 22.77
        },
        "h_h4": {
            "avg_delay": 0.070589,
            "pkt_drop_perc": 23.66
        }
    }
}