{
    "links_utilization": {
        "h1s1": 54.5174,
        "h2s2": 54.38684000000001,
        "h3s3": 54.38684000000001,
        "h4s3": 54.38684000000001,
        "s1s2": 0.35736,
        "s2s3": 54.4416,
        "s3s1": 54.64104
    },
    "paths_info": {
        "h1h3": {
            "avg_delay": 0.060513,
            "pkt_drop_perc": 0.08
        },
        "h1h4": {
            "avg_delay": 0.0605,
            "pkt_drop_perc": 0.0
        },
        "h2h3": {
            "avg_delay": 0.06051,
            "pkt_drop_perc": 0.5
        },
        "h2h4": {
            "avg_delay": 0.060503,
            "pkt_drop_perc": 0.0
        },
        "h_h3": {
            "avg_delay": 0.060512,
            "pkt_drop_perc": 0.29
        },
        "h_h4": {
            "avg_delay": 0.060502,
            "pkt_drop_perc": 0.0
        }
    }
}