{
    "links_utilization": {
        "h1s1": 100,
        "h2s2": 100,
        "h3s3": 100,
        "h4s3": 97.77612,
        "s1s2": 100,
        "s2s3": 100
    },
    "paths_info": {
        "h1h3": {
            "avg_delay": 0.080482,
            "pkt_drop_perc": 30.56
        },
        "h1h4": {
            "avg_delay": 0.080486,
            "pkt_drop_perc": 33.06
        },
        "h2h3": {
            "avg_delay": 0.060387,
            "pkt_drop_perc": 32.66
        },
        "h2h4": {
            "avg_delay": 0.060389,
            "pkt_drop_perc": 34.46
        },
        "h_h3": {
            "avg_delay": 0.070555,
            "pkt_drop_perc": 31.61
        },
        "h_h4": {
            "avg_delay": 0.070512,
            "pkt_drop_perc": 33.76
        }
    }
}