{
    "links_utilization": {
        "h1s1": 100,
        "h2s2": 100,
        "h3s3": 100,
        "h4s3": 100,
        "s1s2": 100,
        "s2s3": 100
    },
    "paths_info": {
        "h1h3": {
            "avg_delay": 0.080438,
            "pkt_drop_perc": 35.68
        },
        "h1h4": {
            "avg_delay": 0.080434,
            "pkt_drop_perc": 34.64
        },
        "h2h3": {
            "avg_delay": 0.06036,
            "pkt_drop_perc": 36.74
        },
        "h2h4": {
            "avg_delay": 0.060353,
            "pkt_drop_perc": 38.99
        },
        "h_h3": {
            "avg_delay": 0.070452,
            "pkt_drop_perc": 36.22
        },
        "h_h4": {
            "avg_delay": 0.070693,
            "pkt_drop_perc": 36.82
        }
    }
}