{
    "links_utilization": {
        "h1s1": 136.28568,
        "h2s2": 136.73368,
        "h3s3": 136.29048,
        "h4s3": 136.29048,
        "s1s2": 0.7915200000000001,
        "s2s3": 136.8816,
        "s3s1": 136.48272
    },
    "paths_info": {
        "h1h3": {
            "avg_delay": 0.06043,
            "pkt_drop_perc": 0.13
        },
        "h1h4": {
            "avg_delay": 0.060408,
            "pkt_drop_perc": 0.0
        },
        "h2h3": {
            "avg_delay": 0.060411,
            "pkt_drop_perc": 0.0
        },
        "h2h4": {
            "avg_delay": 0.060409,
            "pkt_drop_perc": 0.0
        },
        "h_h3": {
            "avg_delay": 0.060421,
            "pkt_drop_perc": 0.07
        },
        "h_h4": {
            "avg_delay": 0.060409,
            "pkt_drop_perc": 0.0
        }
    }
}