{
    "links_utilization": {
        "h1s1": 50.96728,
        "h2s2": 50.708560000000006,
        "h3s3": 50.841519999999996,
        "h4s3": 50.61991999999999,
        "s1s2": 0.7915200000000001,
        "s2s3": 50.94512,
        "s3s1": 51.25056
    },
    "paths_info": {
        "h1h3": {
            "avg_delay": 0.060524,
            "pkt_drop_perc": 0.18
        },
        "h1h4": {
            "avg_delay": 0.060526,
            "pkt_drop_perc": 0.0
        },
        "h2h3": {
            "avg_delay": 0.060511,
            "pkt_drop_perc": 0.18
        },
        "h2h4": {
            "avg_delay": 0.060521,
            "pkt_drop_perc": 0.0
        },
        "h_h3": {
            "avg_delay": 0.060518,
            "pkt_drop_perc": 0.18
        },
        "h_h4": {
            "avg_delay": 0.060524,
            "pkt_drop_perc": 0.0
        }
    }
}