{
    "links_utilization": {
        "h1s1": 82.92891999999999,
        "h2s2": 83.14812,
        "h3s3": 82.92891999999999,
        "h4s3": 82.68516,
        "s1s2": 82.98152,
        "s2s3": 100
    },
    "paths_info": {
        "h1h3": {
            "avg_delay": 0.080513,
            "pkt_drop_perc": 0.11
        },
        "h1h4": {
            "avg_delay": 0.080527,
            "pkt_drop_perc": 0.16
        },
        "h2h3": {
            "avg_delay": 0.060423,
            "pkt_drop_perc": 0.0
        },
        "h2h4": {
            "avg_delay": 0.060428,
            "pkt_drop_perc": 0.0
        },
        "h_h3": {
            "avg_delay": 0.070457,
            "pkt_drop_perc": 0.05
        },
        "h_h4": {
            "avg_delay": 0.070499,
            "pkt_drop_perc": 0.08
        }
    }
}