{
    "links_utilization": {
        "h1s1": 31.847720000000002,
        "h2s2": 32.49036,
        "h3s3": 32.093880000000006,
        "h4s3": 32.1382,
        "s1s2": 31.969199999999997,
        "s2s3": 64.17912
    },
    "paths_info": {
        "h1h3": {
            "avg_delay": 0.080652,
            "pkt_drop_perc": 0.0
        },
        "h1h4": {
            "avg_delay": 0.080648,
            "pkt_drop_perc": 0.0
        },
        "h2h3": {
            "avg_delay": 0.06052,
            "pkt_drop_perc": 0.0
        },
        "h2h4": {
            "avg_delay": 0.060519,
            "pkt_drop_perc": 0.0
        },
        "h_h3": {
            "avg_delay": 0.070485,
            "pkt_drop_perc": 0.0
        },
        "h_h4": {
            "avg_delay": 0.070497,
            "pkt_drop_perc": 0.0
        }
    }
}