{
    "links_utilization": {
        "h1s1": 280.41912,
        "h2s2": 280.41912,
        "h3s3": 280.02024,
        "h4s3": 280.19752,
        "s1s2": 0.7915200000000001,
        "s2s3": 280.43408,
        "s3s1": 280.74431999999996
    },
    "paths_info": {
        "h1h3": {
            "avg_delay": 0.06025,
            "pkt_drop_perc": 0.0
        },
        "h1h4": {
            "avg_delay": 0.060252,
            "pkt_drop_perc": 0.03
        },
        "h2h3": {
            "avg_delay": 0.06025,
            "pkt_drop_perc": 0.0
        },
        "h2h4": {
            "avg_delay": 0.060247,
            "pkt_drop_perc": 0.0
        },
        "h_h3": {
            "avg_delay": 0.06025,
            "pkt_drop_perc": 0.0
        },
        "h_h4": {
            "avg_delay": 0.060249,
            "pkt_drop_perc": 0.02
        }
    }
}