{
    "links_utilization": {
        "h1s1": 49.265480000000004,
        "h2s2": 49.11276,
        "h3s3": 49.17924,
        "h4s3": 49.11276,
        "s1s2": 0.35736,
        "s2s3": 49.18968,
        "s3s1": 49.411280000000005
    },
    "paths_info": {
        "h1h3": {
            "avg_delay": 0.060529,
            "pkt_drop_perc": 1.92
        },
        "h1h4": {
            "avg_delay": 0.060533,
            "pkt_drop_perc": 0.0
        },
        "h2h3": {
            "avg_delay": 0.060527,
            "pkt_drop_perc": 0.83
        },
        "h2h4": {
            "avg_delay": 0.06054,
            "pkt_drop_perc": 0.0
        },
        "h_h3": {
            "avg_delay": 0.060528,
            "pkt_drop_perc": 1.38
        },
        "h_h4": {
            "avg_delay": 0.060536,
            "pkt_drop_perc": 0.0
        }
    }
}