{
    "links_utilization": {
        "h1s1": 100,
        "h2s2": 100,
        "h3s3": 100,
        "h4s3": 100,
        "s1s2": 0.39576000000000006,
        "s2s3": 100,
        "s3s1": 100
    },
    "paths_info": {
        "h1h3": {
            "avg_delay": 0.060215,
            "pkt_drop_perc": 17.1
        },
        "h1h4": {
            "avg_delay": 0.060212,
            "pkt_drop_perc": 18.03
        },
        "h2h3": {
            "avg_delay": 0.060216,
            "pkt_drop_perc": 18.46
        },
        "h2h4": {
            "avg_delay": 0.060214,
            "pkt_drop_perc": 17.55
        },
        "h_h3": {
            "avg_delay": 0.060215,
            "pkt_drop_perc": 17.78
        },
        "h_h4": {
            "avg_delay": 0.060213,
            "pkt_drop_perc": 17.79
        }
    }
}