{
    "links_utilization": {
        "h1s1": 15.183399999999999,
        "h2s2": 14.80908,
        "h3s3": 14.94204,
        "h4s3": 15.00852,
        "s1s2": 0.35736,
        "s2s3": 14.90816,
        "s3s1": 15.30464
    },
    "paths_info": {
        "h1h3": {
            "avg_delay": 0.060655,
            "pkt_drop_perc": 0.0
        },
        "h1h4": {
            "avg_delay": 0.060635,
            "pkt_drop_perc": 0.0
        },
        "h2h3": {
            "avg_delay": 0.060623,
            "pkt_drop_perc": 0.0
        },
        "h2h4": {
            "avg_delay": 0.060631,
            "pkt_drop_perc": 0.0
        },
        "h_h3": {
            "avg_delay": 0.060639,
            "pkt_drop_perc": 0.0
        },
        "h_h4": {
            "avg_delay": 0.060633,
            "pkt_drop_perc": 0.0
        }
    }
}