{
    "links_utilization": {
        "h1s1": 100,
        "h2s2": 100,
        "h3s3": 100,
        "h4s3": 100,
        "s1s2": 0.39648,
        "s2s3": 100,
        "s3s1": 100
    },
    "paths_info": {
        "h1h3": {
            "avg_delay": 0.060241,
            "pkt_drop_perc": 46.38
        },
        "h1h4": {
            "avg_delay": 0.060243,
            "pkt_drop_perc": 46.12
        },
        "h2h3": {
            "avg_delay": 0.060243,
            "pkt_drop_perc": 43.87
        },
        "h2h4": {
            "avg_delay": 0.060234,
            "pkt_drop_perc": 45.96
        },
        "h_h3": {
            "avg_delay": 0.060242,
            "pkt_drop_perc": 45.13
        },
        "h_h4": {
            "avg_delay": 0.060239,
            "pkt_drop_perc": 46.04
        }
    }
}