{
    "links_utilization": {
        "h1s1": 100,
        "h2s2": 100,
        "h3s3": 100,
        "h4s3": 100,
        "s1s2": 100,
        "s2s3": 100
    },
    "paths_info": {
        "h1h3": {
            "avg_delay": 0.08043,
            "pkt_drop_perc": 38.21
        },
        "h1h4": {
            "avg_delay": 0.080422,
            "pkt_drop_perc": 37.89
        },
        "h2h3": {
            "avg_delay": 0.060348,
            "pkt_drop_perc": 34.08
        },
        "h2h4": {
            "avg_delay": 0.060348,
            "pkt_drop_perc": 37.59
        },
        "h_h3": {
            "avg_delay": 0.070035,
            "pkt_drop_perc": 36.14
        },
        "h_h4": {
            "avg_delay": 0.070336,
            "pkt_drop_perc": 37.74
        }
    }
}