{
    "links_utilization": {
        "h1s1": 100,
        "h2s2": 100,
        "h3s3": 100,
        "h4s3": 100,
        "s1s2": 0.39576000000000006,
        "s2s3": 100,
        "s3s1": 100
    },
    "paths_info": {
        "h1h3": {
            "avg_delay": 0.060217,
            "pkt_drop_perc": 12.92
        },
        "h1h4": {
            "avg_delay": 0.060215,
            "pkt_drop_perc": 13.11
        },
        "h2h3": {
            "avg_delay": 0.060214,
            "pkt_drop_perc": 13.05
        },
        "h2h4": {
            "avg_delay": 0.060213,
            "pkt_drop_perc": 12.7
        },
        "h_h3": {
            "avg_delay": 0.060215,
            "pkt_drop_perc": 12.98
        },
        "h_h4": {
            "avg_delay": 0.060214,
            "pkt_drop_perc": 12.91
        }
    }
}