{
    "links_utilization": {
        "h1s1": 100,
        "h2s2": 100,
        "h3s3": 92.67932,
        "h4s3": 91.9702,
        "s1s2": 100,
        "s2s3": 100
    },
    "paths_info": {
        "h1h3": {
            "avg_delay": 0.080547,
            "pkt_drop_perc": 8.22
        },
        "h1h4": {
            "avg_delay": 0.080562,
            "pkt_drop_perc": 10.85
        },
        "h2h3": {
            "avg_delay": 0.060436,
            "pkt_drop_perc": 8.66
        },
        "h2h4": {
            "avg_delay": 0.060451,
            "pkt_drop_perc": 8.74
        },
        "h_h3": {
            "avg_delay": 0.070462,
            "pkt_drop_perc": 8.44
        },
        "h_h4": {
            "avg_delay": 0.070369,
            "pkt_drop_perc": 9.79
        }
    }
}