{
    "links_utilization": {
        "h1s1": 93.82712,
        "h2s2": 93.7876,
        "h3s3": 93.74328,
        "h4s3": 93.65464,
        "s1s2": 0.78432,
        "s2s3": 93.93552,
        "s3s1": 94.1128
    },
    "paths_info": {
        "h1h3": {
            "avg_delay": 0.060437,
            "pkt_drop_perc": 1.05
        },
        "h1h4": {
            "avg_delay": 0.060441,
            "pkt_drop_perc": 1.34
        },
        "h2h3": {
            "avg_delay": 0.060443,
            "pkt_drop_perc": 2.21
        },
        "h2h4": {
            "avg_delay": 0.060444,
            "pkt_drop_perc": 1.92
        },
        "h_h3": {
            "avg_delay": 0.06044,
            "pkt_drop_perc": 1.63
        },
        "h_h4": {
            "avg_delay": 0.060442,
            "pkt_drop_perc": 1.63
        }
    }
}