{
    "links_utilization": {
        "h1s1": 37.4566,
        "h2s2": 37.412279999999996,
        "h3s3": 37.323640000000005,
        "h4s3": 37.412279999999996,
        "s1s2": 0.35736,
        "s2s3": 37.4892,
        "s3s1": 37.55328
    },
    "paths_info": {
        "h1h3": {
            "avg_delay": 0.06048,
            "pkt_drop_perc": 0.0
        },
        "h1h4": {
            "avg_delay": 0.060486,
            "pkt_drop_perc": 0.0
        },
        "h2h3": {
            "avg_delay": 0.06048,
            "pkt_drop_perc": 0.0
        },
        "h2h4": {
            "avg_delay": 0.060488,
            "pkt_drop_perc": 0.0
        },
        "h_h3": {
            "avg_delay": 0.06048,
            "pkt_drop_perc": 0.0
        },
        "h_h4": {
            "avg_delay": 0.060487,
            "pkt_drop_perc": 0.0
        }
    }
}