{
    "links_utilization": {
        "h1s1": 9.532599999999999,
        "h2s2": 9.7506,
        "h3s3": 9.80092,
        "h4s3": 9.49068,
        "s1s2": 9.67624,
        "s2s3": 19.19432
    },
    "paths_info": {
        "h1h3": {
            "avg_delay": 0.080698,
            "pkt_drop_perc": 0.0
        },
        "h1h4": {
            "avg_delay": 0.080683,
            "pkt_drop_perc": 0.0
        },
        "h2h3": {
            "avg_delay": 0.060554,
            "pkt_drop_perc": 0.0
        },
        "h2h4": {
            "avg_delay": 0.06055,
            "pkt_drop_perc": 0.0
        },
        "h_h3": {
            "avg_delay": 0.070425,
            "pkt_drop_perc": 0.0
        },
        "h_h4": {
            "avg_delay": 0.070666,
            "pkt_drop_perc": 0.0
        }
    }
}