{
    "links_utilization": {
        "h1s1": 195.7188,
        "h2s2": 195.7236,
        "h3s3": 195.45048,
        "h4s3": 195.2804,
        "s1s2": 0.7915200000000001,
        "s2s3": 195.8272,
        "s3s1": 195.87152
    },
    "paths_info": {
        "h1h3": {
            "avg_delay": 0.060368,
            "pkt_drop_perc": 0.0
        },
        "h1h4": {
            "avg_delay": 0.060369,
            "pkt_drop_perc": 0.0
        },
        "h2h3": {
            "avg_delay": 0.060364,
            "pkt_drop_perc": 1.14
        },
        "h2h4": {
            "avg_delay": 0.060368,
            "pkt_drop_perc": 1.14
        },
        "h_h3": {
            "avg_delay": 0.060366,
            "pkt_drop_perc": 0.57
        },
        "h_h4": {
            "avg_delay": 0.060369,
            "pkt_drop_perc": 0.57
        }
    }
}