{
    "links_utilization": {
        "h1s1": 162.21288,
        "h2s2": 161.68583999999998,
        "h3s3": 161.55288000000002,
        "h4s3": 161.90024,
        "s1s2": 0.7915200000000001,
        "s2s3": 161.78256,
        "s3s1": 162.49376
    },
    "paths_info": {
        "h1h3": {
            "avg_delay": 0.060383,
            "pkt_drop_perc": 0.17
        },
        "h1h4": {
            "avg_delay": 0.060376,
            "pkt_drop_perc": 0.28
        },
        "h2h3": {
            "avg_delay": 0.060389,
            "pkt_drop_perc": 0.0
        },
        "h2h4": {
            "avg_delay": 0.06037,
            "pkt_drop_perc": 0.83
        },
        "h_h3": {
            "avg_delay": 0.060386,
            "pkt_drop_perc": 0.08
        },
        "h_h4": {
            "avg_delay": 0.060373,
            "pkt_drop_perc": 0.55
        }
    }
}