{
    "links_utilization": {
        "h1s1": 100,
        "h2s2": 100,
        "h3s3": 100,
        "h4s3": 100,
        "s1s2": 0.39744,
        "s2s3": 100,
        "s3s1": 100
    },
    "paths_info": {
        "h1h3": {
            "avg_delay": 0.060236,
            "pkt_drop_perc": 40.08
        },
        "h1h4": {
            "avg_delay": 0.060236,
            "pkt_drop_perc": 40.48
        },
        "h2h3": {
            "avg_delay": 0.060234,
            "pkt_drop_perc": 40.43
        },
        "h2h4": {
            "avg_delay": 0.060237,
            "pkt_drop_perc": 40.99
        },
        "h_h3": {
            "avg_delay": 0.060235,
            "pkt_drop_perc": 40.26
        },
        "h_h4": {
            "avg_delay": 0.060236,
            "pkt_drop_perc": 40.74
        }
    }
}