{
    "links_utilization": {
        "h1s1": 230.19976,
        "h2s2": 229.76136,
        "h3s3": 229.53975999999997,
        "h4s3": 229.80568,
        "s1s2": 0.7915200000000001,
        "s2s3": 229.77632,
        "s3s1": 230.48064
    },
    "paths_info": {
        "h1h3": {
            "avg_delay": 0.060334,
            "pkt_drop_perc": 0.0
        },
        "h1h4": {
            "avg_delay": 0.060334,
            "pkt_drop_perc": 0.31
        },
        "h2h3": {
            "avg_delay": 0.060336,
            "pkt_drop_perc": 0.0
        },
        "h2h4": {
            "avg_delay": 0.060336,
            "pkt_drop_perc": 0.43
        },
        "h_h3": {
            "avg_delay": 0.060335,
            "pkt_drop_perc": 0.0
        },
        "h_h4": {
            "avg_delay": 0.060335,
            "pkt_drop_perc": 0.37
        }
    }
}