{
    "links_utilization": {
        "h1s1": 100,
        "h2s2": 100,
        "h3s3": 100,
        "h4s3": 100,
        "s1s2": 0.39576000000000006,
        "s2s3": 100,
        "s3s1": 100
    },
    "paths_info": {
        "h1h3": {
            "avg_delay": 0.060206,
            "pkt_drop_perc": 15.68
        },
        "h1h4": {
            "avg_delay": 0.060202,
            "pkt_drop_perc": 15.11
        },
        "h2h3": {
            "avg_delay": 0.060203,
            "pkt_drop_perc": 15.0
        },
        "h2h4": {
            "avg_delay": 0.060206,
            "pkt_drop_perc": 15.54
        },
        "h_h3": {
            "avg_delay": 0.060205,
            "pkt_drop_perc": 15.34
        },
        "h_h4": {
            "avg_delay": 0.060204,
            "pkt_drop_perc": 15.32
        }
    }
}