{
    "links_utilization": {
        "h1s1": 100,
        "h2s2": 100,
        "h3s3": 100,
        "h4s3": 100,
        "s1s2": 0.39816,
        "s2s3": 100,
        "s3s1": 100
    },
    "paths_info": {
        "h1h3": {
            "avg_delay": 0.060178,
            "pkt_drop_perc": 46.94
        },
        "h1h4": {
            "avg_delay": 0.060172,
            "pkt_drop_perc": 45.09
        },
        "h2h3": {
            "avg_delay": 0.060173,
            "pkt_drop_perc": 47.02
        },
        "h2h4": {
            "avg_delay": 0.060177,
            "pkt_drop_perc": 44.81
        },
        "h_h3": {
            "avg_delay": 0.060175,
            "pkt_drop_perc": 46.98
        },
        "h_h4": {
            "avg_delay": 0.060174,
            "pkt_drop_perc": 44.95
        }
    }
}