{
    "links_utilization": {
        "h1s1": 11.46052,
        "h2s2": 11.55156,
        "h3s3": 11.37428,
        "h4s3": 11.59588,
        "s1s2": 11.582,
        "s2s3": 22.87184
    },
    "paths_info": {
        "h1h3": {
            "avg_delay": 0.080557,
            "pkt_drop_perc": 8.03
        },
        "h1h4": {
            "avg_delay": 0.080582,
            "pkt_drop_perc": 0.0
        },
        "h2h3": {
            "avg_delay": 0.060507,
            "pkt_drop_perc": 9.43
        },
        "h2h4": {
            "avg_delay": 0.060451,
            "pkt_drop_perc": 0.0
        },
        "h_h3": {
            "avg_delay": 0.07071,
            "pkt_drop_perc": 8.72
        },
        "h_h4": {
            "avg_delay": 0.070477,
            "pkt_drop_perc": 0.0
        }
    }
}