{
    "links_utilization": {
        "h1s1": 18.33012,
        "h2s2": 18.22172,
        "h3s3": 18.354680000000002,
        "h4s3": 18.13308,
        "s1s2": 18.47376,
        "s2s3": 36.41504
    },
    "paths_info": {
        "h1h3": {
            "avg_delay": 0.080698,
            "pkt_drop_perc": 0.0
        },
        "h1h4": {
            "avg_delay": 0.080717,
            "pkt_drop_perc": 0.0
        },
        "h2h3": {
            "avg_delay": 0.060572,
            "pkt_drop_perc": 0.0
        },
        "h2h4": {
            "avg_delay": 0.06056,
            "pkt_drop_perc": 0.0
        },
        "h_h3": {
            "avg_delay": 0.070735,
            "pkt_drop_perc": 0.0
        },
        "h_h4": {
            "avg_delay": 0.070588,
            "pkt_drop_perc": 0.0
        }
    }
}