{
    "links_utilization": {
        "h1s1": 100,
        "h2s2": 100,
        "h3s3": 100,
        "h4s3": 100,
        "s1s2": 0.39912000000000003,
        "s2s3": 100,
        "s3s1": 100
    },
    "paths_info": {
        "h1h3": {
            "avg_delay": 0.060216,
            "pkt_drop_perc": 33.75
        },
        "h1h4": {
            "avg_delay": 0.060212,
            "pkt_drop_perc": 36.48
        },
        "h2h3": {
            "avg_delay": 0.060215,
            "pkt_drop_perc": 36.09
        },
        "h2h4": {
            "avg_delay": 0.060215,
            "pkt_drop_perc": 35.71
        },
        "h_h3": {
            "avg_delay": 0.060215,
            "pkt_drop_perc": 34.92
        },
        "h_h4": {
            "avg_delay": 0.060213,
            "pkt_drop_perc": 36.09
        }
    }
}