{
    "links_utilization": {
        "h1s1": 247.7948,
        "h2s2": 247.71096,
        "h3s3": 247.40072,
        "h4s3": 247.17912,
        "s1s2": 0.7915200000000001,
        "s2s3": 247.71872,
        "s3s1": 247.94272
    },
    "paths_info": {
        "h1h3": {
            "avg_delay": 0.060161,
            "pkt_drop_perc": 0.0
        },
        "h1h4": {
            "avg_delay": 0.060162,
            "pkt_drop_perc": 0.0
        },
        "h2h3": {
            "avg_delay": 0.060161,
            "pkt_drop_perc": 0.29
        },
        "h2h4": {
            "avg_delay": 0.060162,
            "pkt_drop_perc": 0.0
        },
        "h_h3": {
            "avg_delay": 0.060161,
            "pkt_drop_perc": 0.14
        },
        "h_h4": {
            "avg_delay": 0.060162,
            "pkt_drop_perc": 0.0
        }
    }
}