{
    "links_utilization": {
        "h1s1": 100,
        "h2s2": 100,
        "h3s3": 100,
        "h4s3": 100,
        "s1s2": 0.39576000000000006,
        "s2s3": 100,
        "s3s1": 100
    },
    "paths_info": {
        "h1h3": {
            "avg_delay": 0.060211,
            "pkt_drop_perc": 22.26
        },
        "h1h4": {
            "avg_delay": 0.060208,
            "pkt_drop_perc": 21.53
        },
        "h2h3": {
            "avg_delay": 0.060208,
            "pkt_drop_perc": 21.14
        },
        "h2h4": {
            "avg_delay": 0.060211,
            "pkt_drop_perc": 20.52
        },
        "h_h3": {
            "avg_delay": 0.06021,
            "pkt_drop_perc": 21.7
        },
        "h_h4": {
            "avg_delay": 0.060209,
            "pkt_drop_perc": 21.03
        }
    }
}