{
    "links_utilization": {
        "h1s1": 86.84884000000001,
        "h2s2": 86.78476,
        "h3s3": 86.80692,
        "h4s3": 86.51884,
        "s1s2": 0.35736,
        "s2s3": 86.81736,
        "s3s1": 86.92816
    },
    "paths_info": {
        "h1h3": {
            "avg_delay": 0.060376,
            "pkt_drop_perc": 0.0
        },
        "h1h4": {
            "avg_delay": 0.060382,
            "pkt_drop_perc": 0.0
        },
        "h2h3": {
            "avg_delay": 0.060385,
            "pkt_drop_perc": 0.1
        },
        "h2h4": {
            "avg_delay": 0.06038,
            "pkt_drop_perc": 0.05
        },
        "h_h3": {
            "avg_delay": 0.06038,
            "pkt_drop_perc": 0.05
        },
        "h_h4": {
            "avg_delay": 0.060381,
            "pkt_drop_perc": 0.03
        }
    }
}