{
    "links_utilization": {
        "h1s1": 8.24732,
        "h2s2": 7.9838000000000005,
        "h3s3": 8.18324,
        "h4s3": 8.00596,
        "s1s2": 0.35736,
        "s2s3": 8.082880000000001,
        "s3s1": 8.36856
    },
    "paths_info": {
        "h1h3": {
            "avg_delay": 0.060684,
            "pkt_drop_perc": 0.0
        },
        "h1h4": {
            "avg_delay": 0.060705,
            "pkt_drop_perc": 0.0
        },
        "h2h3": {
            "avg_delay": 0.060667,
            "pkt_drop_perc": 0.0
        },
        "h2h4": {
            "avg_delay": 0.060643,
            "pkt_drop_perc": 0.0
        },
        "h_h3": {
            "avg_delay": 0.060676,
            "pkt_drop_perc": 0.0
        },
        "h_h4": {
            "avg_delay": 0.060675,
            "pkt_drop_perc": 0.0
        }
    }
}