{
    "links_utilization": {
        "h1s1": 100,
        "h2s2": 100,
        "h3s3": 100,
        "h4s3": 100,
        "s1s2": 0.39408000000000004,
        "s2s3": 100,
        "s3s1": 100
    },
    "paths_info": {
        "h1h3": {
            "avg_delay": 0.06021,
            "pkt_drop_perc": 30.1
        },
        "h1h4": {
            "avg_delay": 0.06021,
            "pkt_drop_perc": 29.46
        },
        "h2h3": {
            "avg_delay": 0.060207,
            "pkt_drop_perc": 29.81
        },
        "h2h4": {
            "avg_delay": 0.060205,
            "pkt_drop_perc": 30.17
        },
        "h_h3": {
            "avg_delay": 0.060209,
            "pkt_drop_perc": 29.95
        },
        "h_h4": {
            "avg_delay": 0.060207,
            "pkt_drop_perc": 29.81
        }
    }
}