{
    "links_utilization": {
        "h1s1": 100,
        "h2s2": 100,
        "h3s3": 100,
        "h4s3": 100,
        "s1s2": 100,
        "s2s3": 100
    },
    "paths_info": {
        "h1h3": {
            "avg_delay": 0.080429,
            "pkt_drop_perc": 40.35
        },
        "h1h4": {
            "avg_delay": 0.080428,
            "pkt_drop_perc": 38.39
        },
        "h2h3": {
            "avg_delay": 0.060345,
            "pkt_drop_perc": 36.59
        },
        "h2h4": {
            "avg_delay": 0.060343,
            "pkt_drop_perc": 35.69
        },
        "h_h3": {
            "avg_delay": 0.070043,
            "pkt_drop_perc": 38.47
        },
        "h_h4": {
            "avg_delay": 0.070122,
            "pkt_drop_perc": 37.03
        }
    }
}