{
    "links_utilization": {
        "h1s1": 100,
        "h2s2": 100,
        "h3s3": 100,
        "h4s3": 100,
        "s1s2": 0.39576000000000006,
        "s2s3": 100,
        "s3s1": 100
    },
    "paths_info": {
        "h1h3": {
            "avg_delay": 0.060239,
            "pkt_drop_perc": 34.3
        },
        "h1h4": {
            "avg_delay": 0.060239,
            "pkt_drop_perc": 38.65
        },
        "h2h3": {
            "avg_delay": 0.060238,
            "pkt_drop_perc": 35.5
        },
        "h2h4": {
            "avg_delay": 0.060241,
            "pkt_drop_perc": 32.83
        },
        "h_h3": {
            "avg_delay": 0.060238,
            "pkt_drop_perc": 34.9
        },
        "h_h4": {
            "avg_delay": 0.06024,
            "pkt_drop_perc": 35.74
        }
    }
}