{
    "links_utilization": {
        "h1s1": 100,
        "h2s2": 100,
        "h3s3": 100,
        "h4s3": 100,
        "s1s2": 0.39408000000000004,
        "s2s3": 100,
        "s3s1": 100
    },
    "paths_info": {
        "h1h3": {
            "avg_delay": 0.060218,
            "pkt_drop_perc": 17.91
        },
        "h1h4": {
            "avg_delay": 0.060215,
            "pkt_drop_perc": 18.66
        },
        "h2h3": {
            "avg_delay": 0.060221,
            "pkt_drop_perc": 18.75
        },
        "h2h4": {
            "avg_delay": 0.060216,
            "pkt_drop_perc": 18.55
        },
        "h_h3": {
            "avg_delay": 0.06022,
            "pkt_drop_perc": 18.33
        },
        "h_h4": {
            "avg_delay": 0.060216,
            "pkt_drop_perc": 18.6
        }
    }
}