{
    "links_utilization": {
        "h1s1": 145.194,
        "h2s2": 145.4204,
        "h3s3": 145.11016,
        "h4s3": 145.15448,
        "s1s2": 0.7915200000000001,
        "s2s3": 145.524,
        "s3s1": 145.524
    },
    "paths_info": {
        "h1h3": {
            "avg_delay": 0.0604,
            "pkt_drop_perc": 0.06
        },
        "h1h4": {
            "avg_delay": 0.060388,
            "pkt_drop_perc": 0.0
        },
        "h2h3": {
            "avg_delay": 0.060407,
            "pkt_drop_perc": 0.31
        },
        "h2h4": {
            "avg_delay": 0.060386,
            "pkt_drop_perc": 0.0
        },
        "h_h3": {
            "avg_delay": 0.060404,
            "pkt_drop_perc": 0.19
        },
        "h_h4": {
            "avg_delay": 0.060387,
            "pkt_drop_perc": 0.0
        }
    }
}