{
    "links_utilization": {
        "h1s1": 221.24712,
        "h2s2": 221.2076,
        "h3s3": 220.94168000000002,
        "h4s3": 220.76440000000002,
        "s1s2": 0.7915200000000001,
        "s2s3": 221.22256,
        "s3s1": 221.44415999999998
    },
    "paths_info": {
        "h1h3": {
            "avg_delay": 0.060371,
            "pkt_drop_perc": 0.0
        },
        "h1h4": {
            "avg_delay": 0.060374,
            "pkt_drop_perc": 0.0
        },
        "h2h3": {
            "avg_delay": 0.060361,
            "pkt_drop_perc": 0.0
        },
        "h2h4": {
            "avg_delay": 0.06036,
            "pkt_drop_perc": 0.0
        },
        "h_h3": {
            "avg_delay": 0.060366,
            "pkt_drop_perc": 0.0
        },
        "h_h4": {
            "avg_delay": 0.060367,
            "pkt_drop_perc": 0.0
        }
    }
}