{
    "links_utilization": {
        "h1s1": 100,
        "h2s2": 100,
        "h3s3": 93.58788,
        "h4s3": 92.92308,
        "s1s2": 100,
        "s2s3": 100
    },
    "paths_info": {
        "h1h3": {
            "avg_delay": 0.080559,
            "pkt_drop_perc": 9.09
        },
        "h1h4": {
            "avg_delay": 0.080562,
            "pkt_drop_perc": 9.27
        },
        "h2h3": {
            "avg_delay": 0.060459,
            "pkt_drop_perc": 9.37
        },
        "h2h4": {
            "avg_delay": 0.060444,
            "pkt_drop_perc": 10.29
        },
        "h_h3": {
            "avg_delay": 0.07049,
            "pkt_drop_perc": 9.23
        },
        "h_h4": {
            "avg_delay": 0.070508,
            "pkt_drop_perc": 9.78
        }
    }
}