{
    "links_utilization": {
        "h1s1": 100,
        "h2s2": 100,
        "h3s3": 100,
        "h4s3": 100,
        "s1s2": 0.39576000000000006,
        "s2s3": 100,
        "s3s1": 100
    },
    "paths_info": {
        "h1h3": {
            "avg_delay": 0.060216,
            "pkt_drop_perc": 43.65
        },
        "h1h4": {
            "avg_delay": 0.060217,
            "pkt_drop_perc": 44.31
        },
        "h2h3": {
            "avg_delay": 0.060229,
            "pkt_drop_perc": 45.09
        },
        "h2h4": {
            "avg_delay": 0.060216,
            "pkt_drop_perc": 45.3
        },
        "h_h3": {
            "avg_delay": 0.060222,
            "pkt_drop_perc": 44.37
        },
        "h_h4": {
            "avg_delay": 0.060216,
            "pkt_drop_perc": 44.8
        }
    }
}