{
    "links_utilization": {
        "h1s1": 100,
        "h2s2": 100,
        "h3s3": 100,
        "h4s3": 100,
        "s1s2": 0.3888,
        "s2s3": 100,
        "s3s1": 100
    },
    "paths_info": {
        "h1h3": {
            "avg_delay": 0.060228,
            "pkt_drop_perc": 37.31
        },
        "h1h4": {
            "avg_delay": 0.060228,
            "pkt_drop_perc": 37.95
        },
        "h2h3": {
            "avg_delay": 0.060229,
            "pkt_drop_perc": 36.86
        },
        "h2h4": {
            "avg_delay": 0.060232,
            "pkt_drop_perc": 36.44
        },
        "h_h3": {
            "avg_delay": 0.060229,
            "pkt_drop_perc": 37.09
        },
        "h_h4": {
            "avg_delay": 0.06023,
            "pkt_drop_perc": 37.19
        }
    }
}