{
    "links_utilization": {
        "h1s1": 170.68280000000001,
        "h2s2": 170.4612,
        "h3s3": 170.10664,
        "h4s3": 170.68280000000001,
        "s1s2": 0.7915200000000001,
        "s2s3": 170.5648,
        "s3s1": 171.0032
    },
    "paths_info": {
        "h1h3": {
            "avg_delay": 0.060366,
            "pkt_drop_perc": 0.1
        },
        "h1h4": {
            "avg_delay": 0.060359,
            "pkt_drop_perc": 0.0
        },
        "h2h3": {
            "avg_delay": 0.060364,
            "pkt_drop_perc": 0.99
        },
        "h2h4": {
            "avg_delay": 0.06038,
            "pkt_drop_perc": 0.0
        },
        "h_h3": {
            "avg_delay": 0.060365,
            "pkt_drop_perc": 0.55
        },
        "h_h4": {
            "avg_delay": 0.060369,
            "pkt_drop_perc": 0.0
        }
    }
}