{
    "links_utilization": {
        "h1s1": 85.36652000000001,
        "h2s2": 85.41084,
        "h3s3": 85.30004,
        "h4s3": 85.25572,
        "s1s2": 0.35736,
        "s2s3": 85.44,
        "s3s1": 85.48176
    },
    "paths_info": {
        "h1h3": {
            "avg_delay": 0.060344,
            "pkt_drop_perc": 0.0
        },
        "h1h4": {
            "avg_delay": 0.060347,
            "pkt_drop_perc": 0.0
        },
        "h2h3": {
            "avg_delay": 0.060345,
            "pkt_drop_perc": 0.16
        },
        "h2h4": {
            "avg_delay": 0.060349,
            "pkt_drop_perc": 0.0
        },
        "h_h3": {
            "avg_delay": 0.060345,
            "pkt_drop_perc": 0.08
        },
        "h_h4": {
            "avg_delay": 0.060348,
            "pkt_drop_perc": 0.0
        }
    }
}