{
    "links_utilization": {
        "h1s1": 40.46796,
        "h2s2": 40.866839999999996,
        "h3s3": 40.7806,
        "h4s3": 40.40388,
        "s1s2": 40.56728,
        "s2s3": 81.17224
    },
    "paths_info": {
        "h1h3": {
            "avg_delay": 0.080652,
            "pkt_drop_perc": 0.0
        },
        "h1h4": {
            "avg_delay": 0.080677,
            "pkt_drop_perc": 0.11
        },
        "h2h3": {
            "avg_delay": 0.060526,
            "pkt_drop_perc": 0.0
        },
        "h2h4": {
            "avg_delay": 0.06052,
            "pkt_drop_perc": 0.0
        },
        "h_h3": {
            "avg_delay": 0.070645,
            "pkt_drop_perc": 0.0
        },
        "h_h4": {
            "avg_delay": 0.070486,
            "pkt_drop_perc": 0.06
        }
    }
}