{
    "links_utilization": {
        "h1s1": 6.7584800000000005,
        "h2s2": 5.75064,
        "h3s3": 6.63704,
        "h4s3": 5.876399999999999,
        "s1s2": 0.8184,
        "s2s3": 6.0248,
        "s3s1": 7.0576
    },
    "paths_info": {
        "h1h3": {
            "avg_delay": 0.060408,
            "pkt_drop_perc": 0.0
        },
        "h1h4": {
            "avg_delay": 0.060344,
            "pkt_drop_perc": 0.0
        },
        "h2h3": {
            "avg_delay": 0.060386,
            "pkt_drop_perc": 0.0
        },
        "h2h4": {
            "avg_delay": 0.060417,
            "pkt_drop_perc": 0.0
        },
        "h_h3": {
            "avg_delay": 0.060395,
            "pkt_drop_perc": 0.0
        },
        "h_h4": {
            "avg_delay": 0.060378,
            "pkt_drop_perc": 0.0
        }
    }
}