{
    "links_utilization": {
        "h1s1": 263.35592,
        "h2s2": 262.91272000000004,
        "h3s3": 262.73544000000004,
        "h4s3": 262.82408,
        "s1s2": 0.7915200000000001,
        "s2s3": 262.92768,
        "s3s1": 263.632
    },
    "paths_info": {
        "h1h3": {
            "avg_delay": 0.06032,
            "pkt_drop_perc": 0.0
        },
        "h1h4": {
            "avg_delay": 0.060321,
            "pkt_drop_perc": 0.57
        },
        "h2h3": {
            "avg_delay": 0.060319,
            "pkt_drop_perc": 0.03
        },
        "h2h4": {
            "avg_delay": 0.060318,
            "pkt_drop_perc": 0.3
        },
        "h_h3": {
            "avg_delay": 0.060319,
            "pkt_drop_perc": 0.02
        },
        "h_h4": {
            "avg_delay": 0.060319,
            "pkt_drop_perc": 0.44
        }
    }
}