{
    "links_utilization": {
        "h1s1": 100,
        "h2s2": 100,
        "h3s3": 100,
        "h4s3": 100,
        "s1s2": 100,
        "s2s3": 100
    },
    "paths_info": {
        "h1h3": {
            "avg_delay": 0.080416,
            "pkt_drop_perc": 38.73
        },
        "h1h4": {
            "avg_delay": 0.080421,
            "pkt_drop_perc": 38.4
        },
        "h2h3": {
            "avg_delay": 0.06035,
            "pkt_drop_perc": 38.46
        },
        "h2h4": {
            "avg_delay": 0.060342,
            "pkt_drop_perc": 38.11
        },
        "h_h3": {
            "avg_delay": 0.070344,
            "pkt_drop_perc": 38.59
        },
        "h_h4": {
            "avg_delay": 0.070308,
            "pkt_drop_perc": 38.26
        }
    }
}