{
    "links_utilization": {
        "h1s1": 100,
        "h2s2": 100,
        "h3s3": 100,
        "h4s3": 100,
        "s1s2": 0.35736,
        "s2s3": 100,
        "s3s1": 100
    },
    "paths_info": {
        "h1h3": {
            "avg_delay": 0.060366,
            "pkt_drop_perc": 0.46
        },
        "h1h4": {
            "avg_delay": 0.060359,
            "pkt_drop_perc": 0.77
        },
        "h2h3": {
            "avg_delay": 0.060362,
            "pkt_drop_perc": 0.39
        },
        "h2h4": {
            "avg_delay": 0.06036,
            "pkt_drop_perc": 0.31
        },
        "h_h3": {
            "avg_delay": 0.060364,
            "pkt_drop_perc": 0.43
        },
        "h_h4": {
            "avg_delay": 0.06036,
            "pkt_drop_perc": 0.54
        }
    }
}