{
    "links_utilization": {
        "h1s1": 25.091599999999996,
        "h2s2": 25.091599999999996,
        "h3s3": 25.091599999999996,
        "h4s3": 25.04728,
        "s1s2": 0.7915200000000001,
        "s2s3": 25.372479999999996,
        "s3s1": 25.367679999999996
    },
    "paths_info": {
        "h1h3": {
            "avg_delay": 0.060562,
            "pkt_drop_perc": 0.0
        },
        "h1h4": {
            "avg_delay": 0.060574,
            "pkt_drop_perc": 0.0
        },
        "h2h3": {
            "avg_delay": 0.060566,
            "pkt_drop_perc": 0.0
        },
        "h2h4": {
            "avg_delay": 0.06052,
            "pkt_drop_perc": 0.0
        },
        "h_h3": {
            "avg_delay": 0.060564,
            "pkt_drop_perc": 0.0
        },
        "h_h4": {
            "avg_delay": 0.060547,
            "pkt_drop_perc": 0.0
        }
    }
}