{
    "links_utilization": {
        "h1s1": 100,
        "h2s2": 100,
        "h3s3": 100,
        "h4s3": 100,
        "s1s2": 0.35736,
        "s2s3": 100,
        "s3s1": 100
    },
    "paths_info": {
        "h1h3": {
            "avg_delay": 0.060261,
            "pkt_drop_perc": 0.0
        },
        "h1h4": {
            "avg_delay": 0.060264,
            "pkt_drop_perc": 0.73
        },
        "h2h3": {
            "avg_delay": 0.060263,
            "pkt_drop_perc": 0.49
        },
        "h2h4": {
            "avg_delay": 0.060267,
            "pkt_drop_perc": 0.09
        },
        "h_h3": {
            "avg_delay": 0.060262,
            "pkt_drop_perc": 0.25
        },
        "h_h4": {
            "avg_delay": 0.060266,
            "pkt_drop_perc": 0.41
        }
    }
}